Frag Type,Observed Mass,Theoretical Mass,Start AA,End AA,Error,Fixed Mod,Unlocalized Mod,Sequence,Intensity,Formula,Charge,mz,PCC,adjust_PCC,dx,dy,peak num,missing peak num
by,128.09528261395144,128.09496301399997,6,6,2.495023566480306,0,0,K,177713.32,H12C6N2O1,1.0,129.10394646677,0.9997,0.9997,0.0006,0.0382,3.0,1.0
by,128.09528261395144,128.09496301399997,13,13,2.495023566480306,0,0,K,177713.32,H12C6N2O1,1.0,129.10394646677,0.9997,0.9997,0.0006,0.0382,3.0,1.0
b,324.1801288403477,324.17975526712,1,3,1.152364457173514,0,0,NPL,298070.83,H24C15O4N4,1.0,325.19091646677003,0.9999,0.9999,0.0008,0.0158,4.0,1.0
by,513.2550509904678,513.25471111253,12,16,0.6622013016765399,0,0,EKQAG,50791.64,H35C21O8N7,1.0,514.26788646677,0.9949,0.9949,0.0005,0.1197,4.0,2.0
by,513.2550509904678,513.25471111253,13,17,0.6622013016765399,0,0,KQAGE,50791.64,H35C21N7O8,1.0,514.26788646677,0.9949,0.9949,0.0005,0.1197,4.0,2.0
by,542.2705367269034,542.2700268235001,4,8,0.9403127189480947,0,0,PSKET,48450.28,H38C23O9N6,1.0,543.2836864667701,0.9836,0.9836,0.0008,0.1208,4.0,1.0
y,618.2977332846215,618.2973042005,13,18,0.6939770213736997,0,0,KQAGES,85713.71,H42C24N8O11,1.0,619.31170646677,0.9951,0.9951,0.0009,0.0751,5.0,3.0
y,747.3403456381477,747.3398972884698,12,18,0.5999273951441314,0,0,EKQAGES,81294.44,H49C29O14N9,1.0,748.35571646677,0.9921,0.9921,0.0003,0.1277,5.0,3.0
by,770.3575463413549,770.3558817057798,10,16,2.1608656656883203,0,0,EQEKQAG,29741.17,H50C31O13N10,1.0,771.37316646677,0.9547,0.9547,0.0013,0.1902,5.0,3.0
by,770.3575463413549,770.3558817057798,11,17,2.1608656656883203,0,0,QEKQAGE,29741.17,H50C31O13N10,1.0,771.37316646677,0.9547,0.9547,0.0013,0.1902,5.0,3.0
y,875.3993186453646,875.3984747937498,11,18,0.9639628570640469,0,0,QEKQAGES,71364.18,H57C34O16N11,1.0,876.41607646677,0.9829,0.9829,0.0012,0.1393,5.0,3.0
by,912.4565972820176,912.45526139388,4,11,1.464058780801779,0,0,PSKETIEQ,26759.69,H64C39O15N10,1.0,913.47375646677,0.9876,0.9876,0.0035,0.1645,5.0,3.0
y,1004.4415010035481,1004.4410678817198,10,18,0.4312068095110944,0,0,EQEKQAGES,112668.39,H64C39O19N12,1.0,1005.45965646677,0.9905,0.9905,0.0003,0.152,5.0,3.0
by,1041.4979196495153,1041.4978544818498,4,12,0.06257109915761118,0,0,PSKETIEQE,43117.24,H71C44O18N11,1.0,1042.51647646677,0.9627,0.9627,0.0005,0.2098,5.0,3.0
y,1117.5239562197971,1117.5251318588498,9,18,-1.0520023390742799,0,0,IEQEKQAGES,19099.03,H75C45O20N13,1.0,1118.54333646677,0.9766,0.9766,0.002,0.1993,6.0,4.0
y,1218.5719317801843,1218.57281032726,8,18,-0.7209639573659031,0,0,TIEQEKQAGES,23719.09,H82C49O22N14,1.0,1219.59240646677,0.9672,0.9672,0.0008,0.2366,6.0,4.0
by,1297.6525452666765,1297.6513950011297,4,14,0.8864210767569651,0,0,PSKETIEQEKQ,52849.54,H91C55O21N15,2.0,649.84057646677,0.9298,0.9298,0.0005,0.2925,6.0,4.0
y,1347.6133841462743,1347.6154034152298,7,18,-1.498401510139222,0,0,ETIEQEKQAGES,19197.39,H89C54O25N15,1.0,1348.63525646677,0.9494,0.9494,0.0014,0.2944,6.0,4.0
by,1368.6894958732048,1368.6885087858398,4,15,0.7211921183751945,0,0,PSKETIEQEKQA,74677.45,H96C58O22N16,2.0,685.35943646677,0.9136,0.9136,0.0009,0.2076,6.0,2.0
by,1425.709998290356,1425.7099725064097,4,16,0.018084986976271412,0,0,PSKETIEQEKQAG,64245.32,H99C60O23N17,2.0,713.86999646677,0.9565,0.9565,0.0001,0.288,6.0,4.0
by,1554.753400635326,1554.7525655943798,4,17,0.537089286529807,0,0,PSKETIEQEKQAGE,246773.34,H106C65O26N18,2.0,778.39239646677,0.995,0.995,0.0021,0.0494,6.0,1.0
y,1659.7955929347868,1659.79515868235,4,18,0.26163013828415693,0,0,PSKETIEQEKQAGES,728549.05,H113C68O29N19,2.0,830.91406146677,0.9826,0.9826,0.0007,0.1253,6.0,0.0
y,1772.8777481542852,1772.8792226594799,3,18,-0.8317008715646472,0,0,LPSKETIEQEKQAGES,74376.24,H124C74O30N20,2.0,887.45575146677,0.8658,0.8658,0.0012,0.392,7.0,4.0
