Frag Type,Observed Mass,Theoretical Mass,Start AA,End AA,Error,Fixed Mod,Unlocalized Mod,Sequence,Intensity,Formula,Charge,mz,PCC,adjust_PCC,dx,dy,peak num,missing peak num
a+1,492.2644736924289,492.2644507208999,1,4,0.046665017090831235,0,0,MQIF,22246.06,H38C24S1O4N5,1.0,493.26828503207,0.9978,0.9978,0.0017,0.0778,5.0,2.0
a+1,591.3327314482946,591.3328646338898,1,5,-0.22522948276895793,0,0,MQIFV,16283.14,H47C29S1O5N6,1.0,592.3357350320699,0.9912,0.9912,0.0017,0.1442,5.0,2.0
a+1,719.4276158735888,719.4278276478898,1,6,-0.29436490058667975,0,0,MQIFVK,71206.8,H59C35S1O6N8,1.0,720.4295750320699,0.9943,0.9943,0.0027,0.0582,5.0,1.0
b,746.4146859134343,746.4149172353799,1,6,-0.309910668057142,0,0,MQIFVK,11541.89,H58C36S1O7N8,1.0,747.4164250320699,0.9933,0.9933,0.0019,0.0761,5.0,2.0
c,763.4411947395597,763.4414663363899,1,6,-0.3557533120463922,0,0,MQIFVK,30593.34,H61C36S1O7N9,1.0,764.44279503207,0.9876,0.9876,0.0028,0.0798,5.0,1.0
a+1,933.5590218001155,933.5595700934298,1,8,-0.5873147594007964,0,0,MQIFVKTL,38606.86,H77C45S1O9N10,1.0,934.55923503207,0.9963,0.9963,0.0051,0.089,5.0,0.0
a+1,1091.6278406187387,1091.6287122824099,1,10,-0.7984983001983056,0,0,MQIFVKTLTG,53902.1,H87C51S1O12N12,1.0,1092.62676503207,0.9924,0.9924,0.0023,0.1172,6.0,2.0
a+1,1219.7224550418316,1219.7236752964097,1,11,-1.0004352648420176,0,0,MQIFVKTLTGK,94200.18,H99C57S1O13N14,1.0,1220.72033503207,0.9914,0.9914,0.0017,0.1183,6.0,2.0
a+1,1219.7234650500668,1219.7236752964097,1,11,-0.17237210951070017,0,0,MQIFVKTLTGK,20215.42,H99C57S1O13N14,2.0,610.86458503207,0.9969,0.9969,0.0023,0.0501,6.0,2.0
b,1246.709635082574,1246.7107648838996,1,11,-0.9062256919213868,0,0,MQIFVKTLTGK,32954.67,H98C58S1O14N14,1.0,1247.70729503207,0.9978,0.9978,0.0013,0.0475,6.0,2.0
c,1263.7362239093516,1263.7373139849096,1,11,-0.8625808116961675,0,0,MQIFVKTLTGK,55320.18,H101C58S1O14N15,1.0,1264.73374503207,0.9947,0.9947,0.0009,0.1009,6.0,2.0
c,1263.7370639162007,1263.7373139849096,1,11,-0.1978802922076507,0,0,MQIFVKTLTGK,9625.6,H101C58S1O14N15,2.0,632.87120503207,0.9959,0.9959,0.0018,0.0674,6.0,3.0
az+2,1288.7724580430008,1288.77278797684,65,75,-0.2560062116376305,0,0,STLHLVLRLRG,10460.27,H100C57O14N20,2.0,645.38880003207,0.9989,0.9989,0.0014,0.0464,6.0,3.0
y,1320.7987391701975,1320.79900272468,65,76,-0.19954170309079478,0,0,STLHLVLRLRGG,11576.68,H104C58O15N20,2.0,661.40181003207,0.9927,0.9927,0.0012,0.1092,6.0,3.0
a+1,1433.8547209753704,1433.8554177419499,1,13,-0.4859392173527885,0,0,MQIFVKTLTGKTI,12287.88,H117C67S1O16N16,2.0,717.92934003207,-0.2751,0.8569,0.0028,0.2213,6.0,2.0
y,1449.841051320371,1449.84159581265,64,76,-0.37555294356110547,0,0,ESTLHLVLRLRGG,26071.96,H111C63O18N21,2.0,725.92244003207,0.9987,0.9987,0.0017,0.0459,6.0,2.0
c,1477.867179832209,1477.8690564304497,1,13,-1.2698000763171398,0,0,MQIFVKTLTGKTI,36534.94,H119C68S1O17N17,1.0,1478.86295503207,0.9962,0.9962,0.0021,0.0711,6.0,0.0
c,1477.8686198439502,1477.8690564304497,1,13,-0.2954162262334978,0,0,MQIFVKTLTGKTI,10077.17,H119C68S1O17N17,2.0,739.9361100320699,0.9953,0.9953,0.0013,0.1065,6.0,3.0
z+1,1561.9172651369774,1561.9178347577101,63,76,-0.3646931483849622,0,0,KESTLHLVLRLRGG,25716.93,H121C69N22O19,2.0,781.96009003207,0.9977,0.9977,0.0013,0.053,6.0,2.0
y-1,1576.928127528472,1576.92873379458,63,76,-0.3844600551609404,0,0,KESTLHLVLRLRGG,25379.53,H122C69N23O19,2.0,789.4654600320699,0.8316,0.8316,0.0031,0.3538,6.0,1.0
x+1,1604.9294558381011,1604.9236484141402,63,76,3.618504822144037,0,0,KESTLHLVLRLRGG,50458.08,H122C70N23O20,2.0,803.4660100320699,0.2992,0.6675,0.0034,0.4629,6.0,1.0
a,1646.9788886893514,1646.9793351554197,1,15,-0.271081766945717,0,0,MQIFVKTLTGKTITL,15467.99,H134C77S1O19N18,2.0,824.4905550320699,0.946,0.946,0.0037,0.1897,6.0,1.0
z+1,1689.9751492605888,1689.9764122629902,62,76,-0.7473491299859579,0,0,QKESTLHLVLRLRGG,34895.15,H129C74O21N24,2.0,845.9885100320699,0.9989,0.9989,0.0006,0.0481,6.0,2.0
bx,1733.9888381274563,1733.9940737027698,35,50,-3.0193732451941835,0,0,GIPPDQQRLIFAGKQL,26524.83,H131C80O20N23,2.0,867.9951750320699,0.9959,0.9959,0.0019,0.0862,6.0,2.0
y,1819.0782219061743,1819.07920030906,61,76,-0.5378561227872445,0,0,IQKESTLHLVLRLRGG,25900.21,H142C80O22N26,2.0,910.53952003207,0.9976,0.9976,0.0007,0.0909,6.0,2.0
x+1,1846.069081976922,1846.0662898965502,61,76,1.5124485979186295,0,0,IQKESTLHLVLRLRGG,26241.39,H141C81O23N26,2.0,924.03484003207,0.9568,0.9568,0.0023,0.1643,7.0,2.0
a,1875.0917286138992,1875.09034215638,1,17,0.7394083836943077,0,0,MQIFVKTLTGKTITLEV,36300.01,H150C87S1O23N20,1.0,1876.08426503207,0.9623,0.9623,0.0062,0.1846,7.0,2.0
a,1875.0922186178943,1875.09034215638,1,17,1.0007312565533706,0,0,MQIFVKTLTGKTITLEV,37643.81,H150C87S1O23N20,2.0,938.54629003207,0.977,0.977,0.0026,0.1365,7.0,2.0
z+1,1917.1025811505835,1917.10340368126,60,76,-0.42904867567791954,0,0,NIQKESTLHLVLRLRGG,106502.69,H146C84O24N27,2.0,959.55130003207,0.9893,0.9893,0.0006,0.0891,7.0,0.0
c,1920.1112156815711,1920.11180587695,1,17,-0.307375527343919,0,0,MQIFVKTLTGKTITLEV,24954.48,H153C88S1O24N21,1.0,1921.10338503207,0.9912,0.9912,0.0006,0.1325,7.0,3.0
y-1,1932.1164935669467,1932.11430271813,60,76,1.1339126332737548,0,0,NIQKESTLHLVLRLRGG,40966.6,H147C84O24N28,2.0,967.05819503207,0.9384,0.9384,0.0021,0.2161,7.0,1.0
a+1,2005.1409489739276,2005.14076027642,1,18,0.09410686339267303,0,0,MQIFVKTLTGKTITLEVE,60927.77,H158C92S1O26N21,2.0,1003.57012503207,0.989,0.989,0.0017,0.1013,7.0,2.0
a+1,2005.142418985913,2005.14076027642,1,18,0.8272284549524046,0,0,MQIFVKTLTGKTITLEVE,92174.23,H158C92S1O26N21,1.0,2006.13389503207,0.9708,0.9708,0.0042,0.1281,7.0,1.0
bx,2030.1717830635469,2030.1636582090096,27,44,4.002068751672818,0,0,KAKIQDKEGIPPDQQRLI,31565.36,H155C90N27O26,2.0,1016.08544003207,0.9834,0.9834,0.0045,0.1799,7.0,3.0
ax,2079.162992514771,2079.1589071817393,58,74,1.9648969674296797,0,0,DYNIQKESTLHLVLRLR,28360.51,H154C93O26N28,2.0,1040.58084503207,0.8311,0.8311,0.0018,0.3468,7.0,1.0
y,2096.1849113034714,2096.18545628275,59,76,-0.2599861938592296,0,0,YNIQKESTLHLVLRLRGG,205924.93,H157C93O26N29,2.0,1049.09173503207,0.9894,0.9894,0.0039,0.0822,7.0,0.0
a,2101.186792086449,2101.1856990931997,1,19,0.5201792728755542,0,0,MQIFVKTLTGKTITLEVEP,18077.02,H164C97S1O27N22,1.0,2102.17748503207,0.9323,0.9323,0.0049,0.2261,7.0,2.0
x+1,2123.1729213509807,2123.1725458702394,59,76,0.17684890564874328,0,0,YNIQKESTLHLVLRLRGG,45639.56,H156C94O27N29,2.0,1062.58563003207,0.9901,0.9901,0.0012,0.0863,7.0,1.0
c,2146.2063591547735,2146.2071628137696,1,19,-0.37445546266172514,0,0,MQIFVKTLTGKTITLEVEP,13919.93,H167C98S1O28N23,1.0,2147.19668503207,0.9888,0.9888,0.0011,0.1293,7.0,3.0
a,2188.217861696758,2188.2177274974697,1,20,0.061328124108373884,0,0,MQIFVKTLTGKTITLEVEPS,25866.97,H169C100S1O29N23,2.0,1095.1078350320702,0.9788,0.9788,0.0031,0.1003,7.0,1.0
y,2211.208509151658,2211.2123993065798,58,76,-1.7592859569433241,0,0,DYNIQKESTLHLVLRLRGG,22405.99,H162C97O29N30,2.0,1106.6030650320702,0.9903,0.9903,0.001,0.112,7.0,2.0
x+1,2238.2010492361032,2238.1994888940694,58,76,0.6971416272628991,0,0,DYNIQKESTLHLVLRLRGG,24209.41,H161C98O30N30,2.0,1120.09922503207,0.902,0.902,0.0018,0.2312,7.0,1.0
a,2303.2487596044652,2303.2446705212997,1,21,1.7753577020786282,0,0,MQIFVKTLTGKTITLEVEPSD,20441.76,H174C104S1O32N24,1.0,2304.23780503207,0.8666,0.8666,0.0047,0.2887,7.0,2.0
a+1,2304.2490877606697,2304.2524955533695,1,21,-1.4789146182521808,0,0,MQIFVKTLTGKTITLEVEPSD,41436.46,H175C104S1O32N24,2.0,1153.12297503207,0.98,0.98,0.0013,0.1259,7.0,2.0
x+1,2325.2319088447,2325.2315172983394,57,76,0.16839026884874822,0,0,SDYNIQKESTLHLVLRLRGG,48186.01,H166C101O32N31,2.0,1163.61430003207,0.0606,0.8327,0.0038,0.2683,7.0,0.0
cx,2347.260828458124,2347.2535954122186,43,63,3.0814931626189366,0,0,LIFAGKQLEDGRTLSDYNIQK,19311.59,H170C106O32N28,1.0,2348.2495150320697,0.6056,0.7889,0.0068,0.444,7.0,3.0
cx,2347.263308478345,2347.2535954122186,43,63,4.138055702858643,0,0,LIFAGKQLEDGRTLSDYNIQK,28095.5,H170C106O32N28,2.0,1174.62991003207,0.3874,0.5739,0.0042,0.5454,7.0,0.0
y-1,2410.320892620156,2410.3206666559095,56,76,0.09374862425424126,0,0,LSDYNIQKESTLHLVLRLRGG,34844.46,H177C106O32N32,2.0,1206.15844503207,0.9759,0.9759,0.0017,0.1099,7.0,2.0
x+1,2438.313740860643,2438.315581275469,56,76,-0.7547894292377266,0,0,LSDYNIQKESTLHLVLRLRGG,37040.96,H177C107O33N32,2.0,1220.1547550320702,0.9828,0.9828,0.0013,0.1056,7.0,2.0
a,2517.3753454916914,2517.37641296684,1,23,-0.42404272276339083,0,0,MQIFVKTLTGKTITLEVEPSDTI,70009.65,H192C114S1O35N26,2.0,1259.68523503207,0.9961,0.9961,0.0013,0.0475,8.0,2.0
x+1,2539.362344763317,2539.3632597438796,55,76,-0.360318894449465,0,0,TLSDYNIQKESTLHLVLRLRGG,42361.88,H184C111O35N33,2.0,1270.67864503207,0.9692,0.9692,0.0012,0.1338,8.0,3.0
a,2646.41762764162,2646.41900605481,1,24,-0.5208597680817969,0,0,MQIFVKTLTGKTITLEVEPSDTIE,63034.3,H199C119S1O38N27,2.0,1324.20585003207,0.9788,0.9788,0.0016,0.1253,8.0,0.0
y-1,2667.4725893138507,2667.4694561479196,54,76,1.1745836203981008,0,0,RTLSDYNIQKESTLHLVLRLRGG,15479.29,H196C116N37O35,3.0,890.1581050320699,0.8944,0.8944,0.0011,0.2784,8.0,2.0
c,2691.440264734976,2691.44046977538,1,24,-0.07618240342799641,0,0,MQIFVKTLTGKTITLEVEPSDTIE,22747.87,H202C120S1O39N28,2.0,1346.7169850320702,0.5495,0.8155,0.0031,0.3145,8.0,0.0
y,2725.4969724173134,2725.4987449005594,53,76,-0.6503335396145604,0,0,GRTLSDYNIQKESTLHLVLRLRGG,64017.55,H200C118O36N38,3.0,909.4994083654032,0.9904,0.9904,0.0008,0.104,8.0,2.0
a,2760.4598074877867,2760.46193349595,1,25,-0.7701639125083685,0,0,MQIFVKTLTGKTITLEVEPSDTIEN,66136.1,H205C123S1O40N29,2.0,1381.22647503207,0.5075,0.8098,0.005,0.3239,8.0,0.0
y-1,2839.521072116063,2839.5178628923195,52,76,1.130200230587125,0,0,DGRTLSDYNIQKESTLHLVLRLRGG,16471.01,H204C122O39N39,3.0,947.5071316987364,0.8316,0.8316,0.0013,0.3846,8.0,2.0
bx,2905.554640522647,2905.541003635359,30,55,4.693407276180452,0,0,IQDKEGIPPDQQRLIFAGKQLEDGRT,25754.04,H208C127O40N38,2.0,1453.77330003207,-0.3296,0.5074,0.004,0.4996,8.0,0.0
bx,2905.554640522647,2905.541003635359,31,56,4.693407276180452,0,0,QDKEGIPPDQQRLIFAGKQLEDGRTL,25754.04,H208C127O40N38,2.0,1453.77330003207,-0.3296,0.5074,0.004,0.4996,8.0,0.0
a+1,2988.6307478860585,2988.63313545501,1,27,-0.7988832496403588,0,0,MQIFVKTLTGKTITLEVEPSDTIENVK,120422.64,H227C134S1O42N32,2.0,1495.31101503207,0.9888,0.9888,0.0032,0.1025,8.0,0.0
a,3058.663728901967,3058.66242420765,1,28,0.4265571468301094,0,0,MQIFVKTLTGKTITLEVEPSDTIENVKA,82496.68,H231C137S1O43N33,2.0,1530.32722003207,0.8897,0.8897,0.0033,0.2467,8.0,0.0
x+1,3109.6364545095394,3109.6394345769786,50,76,-0.958332148127154,0,0,LEDGRTLSDYNIQKESTLHLVLRLRGG,30694.77,H222C134O44N41,2.0,1555.81337503207,0.9696,0.9696,0.006,0.1109,8.0,2.0
a+1,3187.763301519015,3187.7652122537197,1,29,-0.5993963098143116,0,0,MQIFVKTLTGKTITLEVEPSDTIENVKAK,79009.8,H244C143S1O44N35,2.0,1594.87648003207,0.9907,0.9907,0.0009,0.0897,8.0,2.0
z+1,3194.6885279840462,3194.6921984258283,49,76,-1.148918754650048,0,0,QLEDGRTLSDYNIQKESTLHLVLRLRGG,18634.13,H229C138O45N42,3.0,1065.8953183654037,0.9889,0.9889,0.001,0.1307,8.0,3.0
y-1,3209.7036904106017,3209.7030974626987,49,76,0.1847360596860479,0,0,QLEDGRTLSDYNIQKESTLHLVLRLRGG,16899.38,H230C138O45N43,3.0,1070.9003316987369,0.9712,0.9712,0.0014,0.1125,8.0,2.0
x+1,3237.6954986426085,3237.698012082258,49,76,-0.7763045349712624,0,0,QLEDGRTLSDYNIQKESTLHLVLRLRGG,20521.42,H230C139O46N43,3.0,1080.2308583654035,0.9835,0.9835,0.001,0.1017,8.0,2.0
x+1,3237.6955386429345,3237.698012082258,49,76,-0.7639499775654792,0,0,QLEDGRTLSDYNIQKESTLHLVLRLRGG,21549.47,H230C139O46N43,2.0,1619.84239503207,0.2568,0.7458,0.009,0.3038,8.0,0.0
a,3299.8427653621206,3299.8414511987794,1,30,0.3982504495091338,0,0,MQIFVKTLTGKTITLEVEPSDTIENVKAKI,16023.94,H254C149S1O45N36,3.0,1100.9464450320702,0.9045,0.9045,0.0011,0.2835,9.0,1.0
z+1,3322.7850324225496,3322.7871614398287,48,76,-0.6407323658011909,0,0,KQLEDGRTLSDYNIQKESTLHLVLRLRGG,40890.12,H241C144N44O46,3.0,1108.59380503207,0.9786,0.9786,0.0021,0.115,9.0,2.0
y-1,3337.7976348282314,3337.798060476699,48,76,-0.12752373268662345,0,0,KQLEDGRTLSDYNIQKESTLHLVLRLRGG,48747.46,H242C144N45O46,3.0,1113.59796503207,0.9862,0.9862,0.0007,0.1199,9.0,2.0
x,3364.785654875823,3364.7851500641887,48,76,0.15002789539719602,0,0,KQLEDGRTLSDYNIQKESTLHLVLRLRGG,39678.99,H241C145N45O47,3.0,1122.5938983654034,0.9146,0.9146,0.001,0.2229,9.0,2.0
z+1,3379.8061773460813,3379.8086251603986,47,76,-0.7242464259871009,0,0,GKQLEDGRTLSDYNIQKESTLHLVLRLRGG,44803.51,H244C146O47N45,3.0,1127.600698365403,0.9957,0.9957,0.0011,0.0804,9.0,2.0
y-2,3393.8127515490837,3393.811699165199,47,76,0.31008906146951143,0,0,GKQLEDGRTLSDYNIQKESTLHLVLRLRGG,109283.86,H244C146O47N46,3.0,1132.2695183654034,0.9489,0.9489,0.0012,0.1795,9.0,1.0
x,3421.806869799925,3421.8066137847586,47,76,0.0748187128725213,0,0,GKQLEDGRTLSDYNIQKESTLHLVLRLRGG,75471.03,H244C147O48N46,3.0,1141.60081503207,0.3436,0.9297,0.0035,0.1804,9.0,1.0
a+1,3428.9052176765076,3428.9078537361297,1,31,-0.7687752877986734,0,0,MQIFVKTLTGKTITLEVEPSDTIENVKAKIQ,107663.01,H263C154S1O47N38,2.0,1715.4464550320702,0.9782,0.9782,0.0013,0.1177,9.0,2.0
z+1,3450.8434265503192,3450.8457389451087,46,76,-0.6700950909931934,0,0,AGKQLEDGRTLSDYNIQKESTLHLVLRLRGG,122604.88,H249C149O48N46,3.0,1151.2795883654037,0.9353,0.9353,0.002,0.1456,9.0,1.0
y-1,3465.855148948826,3465.856637981979,46,76,-0.4296291822351733,0,0,AGKQLEDGRTLSDYNIQKESTLHLVLRLRGG,129810.81,H250C149O48N47,3.0,1156.28345503207,0.878,0.905,0.0014,0.1802,9.0,1.0
c,3472.918776542315,3472.92149242463,1,31,-0.7820166165321054,0,0,MQIFVKTLTGKTITLEVEPSDTIENVKAKIQ,19649.42,H265C155S1O48N39,2.0,1737.45305503207,0.9749,0.9749,0.0012,0.1582,9.0,4.0
x+1,3493.8494672012985,3493.8515526015385,46,76,-0.5968771737011924,0,0,AGKQLEDGRTLSDYNIQKESTLHLVLRLRGG,151175.17,H250C150O49N47,3.0,1165.6148183654034,0.9703,0.9703,0.001,0.1116,9.0,2.0
a+1,3543.9321355517636,3543.9347967599597,1,32,-0.7509190627582409,0,0,MQIFVKTLTGKTITLEVEPSDTIENVKAKIQD,13246.0,H268C158S1O50N39,3.0,1182.30890503207,0.832,0.893,0.0018,0.1904,9.0,2.0
a+1,3543.9321455518448,3543.9347967599597,1,32,-0.7480973175172457,0,0,MQIFVKTLTGKTITLEVEPSDTIENVKAKIQD,104331.3,H268C158S1O50N39,2.0,1772.95945003207,0.9478,0.9478,0.0012,0.1425,9.0,1.0
b,3570.9202756003333,3570.92188634745,1,32,-0.45107318719564893,0,0,MQIFVKTLTGKTITLEVEPSDTIENVKAKIQD,76968.41,H267C159S1O51N39,2.0,1786.45340503207,0.9863,0.9863,0.0062,0.0828,9.0,1.0
c,3587.947534432574,3587.94843544846,1,32,-0.25112286373106163,0,0,MQIFVKTLTGKTITLEVEPSDTIENVKAKIQD,33330.59,H270C159S1O51N40,2.0,1794.96696503207,0.9558,0.9558,0.0006,0.127,9.0,2.0
z+1,3597.9118456768697,3597.914152858099,45,76,-0.6412552193513352,0,0,FAGKQLEDGRTLSDYNIQKESTLHLVLRLRGG,83224.52,H258C158O49N47,3.0,1200.30199503207,0.9956,0.9956,0.0033,0.0495,9.0,1.0
y-2,3611.9190798852537,3611.9172268628995,45,76,0.5130301271701936,0,0,FAGKQLEDGRTLSDYNIQKESTLHLVLRLRGG,47890.13,H258C158O49N48,3.0,1204.9710350320702,0.9194,0.9194,0.0014,0.194,9.0,1.0
x,3639.915338153544,3639.912141482459,45,76,0.8782275397387099,0,0,FAGKQLEDGRTLSDYNIQKESTLHLVLRLRGG,208066.53,H258C159O50N48,3.0,1214.30304503207,0.8793,0.8793,0.0024,0.2846,9.0,1.0
a+1,3672.026019968904,3672.029759773959,1,33,-1.018457174799752,0,0,MQIFVKTLTGKTITLEVEPSDTIENVKAKIQDK,78692.63,H280C164S1O51N41,3.0,1225.0065183654033,0.985,0.985,0.0014,0.0846,9.0,1.0
a+1,3672.028419988473,3672.029759773959,1,33,-0.36486237137888095,0,0,MQIFVKTLTGKTITLEVEPSDTIENVKAKIQDK,47071.26,H280C164S1O51N41,2.0,1837.0070650320704,0.9916,0.9916,0.001,0.0749,9.0,2.0
z+1,3710.9953577065107,3710.9982168352285,44,76,-0.7704473434674846,0,0,IFAGKQLEDGRTLSDYNIQKESTLHLVLRLRGG,73721.89,H269C164O50N48,3.0,1237.9961916987368,0.9693,0.9693,0.0035,0.1122,9.0,0.0
c,3716.0411788477572,3716.043398462459,1,33,-0.5973059149119941,0,0,MQIFVKTLTGKTITLEVEPSDTIENVKAKIQDK,23795.47,H282C165S1O52N42,2.0,1859.01326503207,0.9826,0.9826,0.0008,0.1727,9.0,4.0
y-1,3726.0065901010225,3726.009115872099,44,76,-0.6778757103808005,0,0,IFAGKQLEDGRTLSDYNIQKESTLHLVLRLRGG,50000.47,H270C164O50N49,3.0,1242.99989503207,0.793,0.8781,0.0031,0.2164,9.0,1.0
x,3752.997650173401,3752.9962054595885,44,76,0.38494944659410435,0,0,IFAGKQLEDGRTLSDYNIQKESTLHLVLRLRGG,71513.64,H269C165O51N49,3.0,1251.9968416987367,0.8988,0.8988,0.0015,0.2339,9.0,0.0
a,3800.063313924633,3800.0645278298593,1,34,-0.3194433193331558,0,0,MQIFVKTLTGKTITLEVEPSDTIENVKAKIQDKE,53453.27,H286C169S1O54N42,3.0,1267.685268365403,0.9811,0.9811,0.0014,0.1023,9.0,1.0
a,3800.0656739438755,3800.0645278298593,1,34,0.30160383007806774,0,0,MQIFVKTLTGKTITLEVEPSDTIENVKAKIQDKE,63863.51,H286C169S1O54N42,2.0,1901.02517003207,0.9442,0.9442,0.0024,0.1896,9.0,1.0
z+1,3824.079759743409,3824.0822808123585,43,76,-0.6592611676376228,0,0,LIFAGKQLEDGRTLSDYNIQKESTLHLVLRLRGG,81332.19,H280C170O51N49,3.0,1275.6906850320702,0.9948,0.9948,0.0036,0.0642,9.0,1.0
y-1,3839.0902521318867,3839.093179849229,43,76,-0.7626064815214538,0,0,LIFAGKQLEDGRTLSDYNIQKESTLHLVLRLRGG,91247.74,H281C170O51N50,3.0,1280.6941416987368,0.9894,0.9894,0.0041,0.0691,9.0,0.0
a+1,3858.092127064216,3858.093816582499,1,35,-0.43791529271255786,0,0,MQIFVKTLTGKTITLEVEPSDTIENVKAKIQDKEG,41453.24,H290C171S1O55N43,2.0,1930.03816003207,0.9822,0.9822,0.0012,0.1109,9.0,3.0
x,3866.08069219921,3866.0802694367185,43,76,0.10935171074116176,0,0,LIFAGKQLEDGRTLSDYNIQKESTLHLVLRLRGG,55905.46,H280C171O52N50,3.0,1289.6908816987366,0.9409,0.9409,0.001,0.1664,9.0,0.0
c,3902.104745922359,3902.1074552709993,1,35,-0.6943295824542594,0,0,MQIFVKTLTGKTITLEVEPSDTIENVKAKIQDKEG,72811.85,H292C172S1O56N44,2.0,1952.04429003207,0.9864,0.9864,0.0063,0.1003,9.0,1.0
a+1,3971.1774491086153,3971.1778805596296,1,36,-0.10864560270065085,0,0,MQIFVKTLTGKTITLEVEPSDTIENVKAKIQDKEGI,290556.27,H301C177S1O56N44,3.0,1324.7228483654037,0.9382,0.9382,0.0012,0.177,9.0,0.0
y-1,3995.1939349277177,3995.194290872829,42,76,-0.08909331691555136,0,0,RLIFAGKQLEDGRTLSDYNIQKESTLHLVLRLRGG,47627.55,H293C176N54O52,3.0,1332.7282783654034,0.8316,0.8316,0.005,0.2599,9.0,0.0
b,3998.163709141856,3998.1649701471197,1,36,-0.3153960061683026,0,0,MQIFVKTLTGKTITLEVEPSDTIENVKAKIQDKEGI,20713.88,H300C178S1O57N44,2.0,2000.07338003207,0.9914,0.9914,0.0012,0.0841,10.0,4.0
x+1,4023.1897231921757,4023.1892054923883,42,76,0.12867895617354141,0,0,RLIFAGKQLEDGRTLSDYNIQKESTLHLVLRLRGG,85437.85,H293C177N54O53,3.0,1342.0601316987368,0.9613,0.9613,0.0013,0.148,9.0,0.0
a+1,4068.229850428138,4068.230644408479,1,37,-0.1951660095649332,0,0,MQIFVKTLTGKTITLEVEPSDTIENVKAKIQDKEGIP,342808.59,H308C182S1O57N45,3.0,1357.07338503207,0.9501,0.9501,0.0013,0.1562,10.0,0.0
a+1,4068.230560433927,4068.230644408479,1,37,-0.02064154149835016,0,0,MQIFVKTLTGKTITLEVEPSDTIENVKAKIQDKEGIP,101580.31,H308C182S1O57N45,2.0,2035.10652003207,0.9584,0.9584,0.0017,0.1409,10.0,2.0
y-1,4123.256049085819,4123.252868378109,41,76,0.7714073841444702,0,0,QRLIFAGKQLEDGRTLSDYNIQKESTLHLVLRLRGG,35547.45,H301C181O54N56,3.0,1375.4153016987366,0.9084,0.9084,0.0027,0.2197,10.0,0.0
x+1,4151.248527323289,4151.24778299767,41,76,0.17930166011800938,0,0,QRLIFAGKQLEDGRTLSDYNIQKESTLHLVLRLRGG,90281.24,H301C182O55N56,3.0,1384.746051698737,0.9242,0.9242,0.0026,0.2058,10.0,0.0
a,4164.273613523701,4164.27558322526,1,38,-0.47299980976255074,0,0,MQIFVKTLTGKTITLEVEPSDTIENVKAKIQDKEGIPP,159332.95,H314C187S1O58N46,3.0,1389.0877116987367,0.9556,0.9556,0.0026,0.151,10.0,0.0
a,4164.275893542291,4164.27558322526,1,38,0.07451885085556713,0,0,MQIFVKTLTGKTITLEVEPSDTIENVKAKIQDKEGIPP,32194.91,H314C187S1O58N46,2.0,2083.12879503207,0.9917,0.9917,0.0015,0.0677,10.0,3.0
y,4252.316621384876,4252.319270915459,40,76,-0.6230789397634171,0,0,QQRLIFAGKQLEDGRTLSDYNIQKESTLHLVLRLRGG,50568.99,H310C186O56N58,4.0,1064.07831253207,0.99,0.99,0.0011,0.0886,10.0,2.0
a,4279.303381422194,4279.30252624909,1,39,0.19983936613729528,0,0,MQIFVKTLTGKTITLEVEPSDTIENVKAKIQDKEGIPPD,21486.01,H319C191S1O61N47,2.0,2140.64207003207,0.9815,0.9815,0.0013,0.0878,10.0,3.0
cy,4306.327401763316,4306.30736881908,26,63,4.652000547148542,0,0,VKAKIQDKEGIPPDQQRLIFAGKQLEDGRTLSDYNIQK,18201.58,H312C191O59N54,4.0,1077.58089753207,0.955,0.955,0.0049,0.152,10.0,2.0
b,4307.296749666921,4307.29744086865,1,39,-0.16047225396675002,0,0,MQIFVKTLTGKTITLEVEPSDTIENVKAKIQDKEGIPPD,33200.76,H319C192S1O62N47,2.0,2154.63864003207,0.9973,0.9973,0.0006,0.0633,10.0,3.0
z+1,4351.32020861345,4351.32748987035,39,76,-1.6733415072801336,0,0,DQQRLIFAGKQLEDGRTLSDYNIQKESTLHLVLRLRGG,24447.3,H313C190O59N58,3.0,1451.4360683654036,0.727,0.8888,0.0021,0.3601,10.0,0.0
y,4367.342699253285,4367.34621393929,39,76,-0.8047646860114809,0,0,DQQRLIFAGKQLEDGRTLSDYNIQKESTLHLVLRLRGG,19471.73,H315C190O59N59,4.0,1092.83459753207,0.9903,0.9903,0.0009,0.1061,10.0,4.0
y,4367.342709253365,4367.34621393929,39,76,-0.8024749477372413,0,0,DQQRLIFAGKQLEDGRTLSDYNIQKESTLHLVLRLRGG,78597.5,H315C190O59N59,3.0,1456.7768583654033,0.9531,0.9531,0.0035,0.135,10.0,0.0
x,4393.323021084579,4393.325478494709,39,76,-0.5593508022117865,0,0,DQQRLIFAGKQLEDGRTLSDYNIQKESTLHLVLRLRGG,23671.1,H313C191O60N59,4.0,1099.32962503207,0.983,0.983,0.0006,0.0811,10.0,2.0
x+1,4394.330429298511,4394.33330352678,39,76,-0.6540760724963395,0,0,DQQRLIFAGKQLEDGRTLSDYNIQKESTLHLVLRLRGG,92218.19,H314C191O60N59,3.0,1465.7726916987367,0.8922,0.9044,0.0035,0.2128,10.0,0.0
a+1,4408.367293748485,4408.36892878644,1,40,-0.3708940837459999,0,0,MQIFVKTLTGKTITLEVEPSDTIENVKAKIQDKEGIPPDQ,88058.7,H328C196S1O63N49,3.0,1470.4516083654034,0.8103,0.8696,0.0025,0.2207,10.0,0.0
y-2,4462.380934150243,4462.383327723999,38,76,-0.5363890953601042,0,0,PDQQRLIFAGKQLEDGRTLSDYNIQKESTLHLVLRLRGG,221719.85,H320C195O60N60,4.0,1116.59396253207,0.9944,0.9944,0.001,0.0521,10.0,0.0
y-2,4462.382214160681,4462.383327723999,38,76,-0.24954452290596107,0,0,PDQQRLIFAGKQLEDGRTLSDYNIQKESTLHLVLRLRGG,614257.81,H320C195O60N60,3.0,1488.4564350320702,0.9655,0.9655,0.0014,0.1224,10.0,0.0
a,4535.421049684908,4535.41968125965,1,41,0.3017196542434913,0,0,MQIFVKTLTGKTITLEVEPSDTIENVKAKIQDKEGIPPDQQ,90000.92,H335C201S1O65N51,3.0,1512.80251503207,0.9256,0.9256,0.0025,0.2054,10.0,0.0
y-2,4559.43349547107,4559.436091572848,37,76,-0.5693909786298751,0,0,PPDQQRLIFAGKQLEDGRTLSDYNIQKESTLHLVLRLRGG,581069.25,H327C200O61N61,4.0,1140.85690503207,0.9973,0.9973,0.0006,0.0383,10.0,0.0
y-2,4559.434285477511,4559.436091572848,37,76,-0.3961225249819684,0,0,PPDQQRLIFAGKQLEDGRTLSDYNIQKESTLHLVLRLRGG,564679.2,H327C200O61N61,3.0,1520.8068616987366,0.9967,0.9967,0.0006,0.041,10.0,0.0
ax,4629.51166685544,4629.5017710908305,8,49,2.1375441891834326,0,0,LTGKTITLEVEPSDTIENVKAKIQDKEGIPPDQQRLIFAGKQ,99539.24,H341C205O66N55,4.0,1158.37630503207,0.9964,0.9964,0.0023,0.056,10.0,2.0
ax,4629.51166685544,4629.5017710908305,9,50,2.1375441891834326,0,0,TGKTITLEVEPSDTIENVKAKIQDKEGIPPDQQRLIFAGKQL,99539.24,H341C205O66N55,4.0,1158.37630503207,0.9964,0.9964,0.0023,0.056,10.0,2.0
z+1,4658.511443305944,4658.51708154518,36,76,-1.2103077303689755,0,0,IPPDQQRLIFAGKQLEDGRTLSDYNIQKESTLHLVLRLRGG,21561.5,H338C206O62N61,4.0,1165.62619003207,0.923,0.923,0.0036,0.2916,10.0,2.0
y-1,4673.527125736739,4673.527980582049,36,76,-0.1829122053582818,0,0,IPPDQQRLIFAGKQLEDGRTLSDYNIQKESTLHLVLRLRGG,35251.63,H339C206O62N62,4.0,1169.38008003207,0.9769,0.9769,0.0006,0.0999,10.0,2.0
a+1,4692.526150645831,4692.52861731532,1,42,-0.5256589123112648,0,0,MQIFVKTLTGKTITLEVEPSDTIENVKAKIQDKEGIPPDQQR,176997.93,H348C207S1O66N55,3.0,1565.17045503207,0.9831,0.9831,0.0051,0.1184,10.0,0.0
x,4700.514565779602,4700.515070169539,36,76,-0.10730524841967104,0,0,IPPDQQRLIFAGKQLEDGRTLSDYNIQKESTLHLVLRLRGG,22473.28,H338C207O63N62,4.0,1176.12688503207,0.6663,0.7518,0.0033,0.2928,10.0,2.0
y-1,4730.548360661005,4730.549444302619,35,76,-0.2290730974948962,0,0,GIPPDQQRLIFAGKQLEDGRTLSDYNIQKESTLHLVLRLRGG,79983.92,H342C208O63N63,4.0,1183.63527253207,0.9407,0.9407,0.0008,0.1634,10.0,1.0
y-1,4730.551740688566,4730.549444302619,35,76,0.4854374684173377,0,0,GIPPDQQRLIFAGKQLEDGRTLSDYNIQKESTLHLVLRLRGG,30305.01,H342C208O63N63,3.0,1577.8455483654034,0.4595,0.7835,0.0057,0.3192,10.0,0.0
x,4757.536890712754,4757.536533890109,35,76,0.0750015564248081,0,0,GIPPDQQRLIFAGKQLEDGRTLSDYNIQKESTLHLVLRLRGG,77502.56,H341C209O64N63,4.0,1190.38235003207,0.8877,0.8877,0.001,0.2255,10.0,0.0
x+1,4758.548728962807,4758.5443589221795,35,76,0.9183566019506477,0,0,GIPPDQQRLIFAGKQLEDGRTLSDYNIQKESTLHLVLRLRGG,41633.48,H342C209O64N63,3.0,1587.1778016987369,0.5663,0.8925,0.0016,0.2167,10.0,0.0
a+1,4805.6089226694385,4805.61268129245,1,43,-0.782131907243008,0,0,MQIFVKTLTGKTITLEVEPSDTIENVKAKIQDKEGIPPDQQRL,168186.72,H359C213S1O67N56,3.0,1602.86440503207,0.9813,0.9813,0.0052,0.1019,10.0,0.0
ay,4843.5764222385305,4843.56207993161,32,73,2.961107276754601,0,0,DKEGIPPDQQRLIFAGKQLEDGRTLSDYNIQKESTLHLVLRL,27319.71,H347C214O67N61,4.0,1211.89205753207,0.8931,0.8931,0.0037,0.299,10.0,3.0
y-1,4859.591932821451,4859.59203739059,34,76,-0.021518089991886792,0,0,EGIPPDQQRLIFAGKQLEDGRTLSDYNIQKESTLHLVLRLRGG,49647.93,H349C213O66N64,4.0,1215.89590253207,0.9523,0.9523,0.001,0.1518,10.0,2.0
x,4886.5801228704295,4886.57912697808,34,76,0.20380153955545674,0,0,EGIPPDQQRLIFAGKQLEDGRTLSDYNIQKESTLHLVLRLRGG,48113.55,H348C214O67N64,4.0,1222.64289503207,0.8528,0.8528,0.0013,0.2675,10.0,1.0
x+1,4887.584961063406,4887.5869520101505,34,76,-0.4073475856645422,0,0,EGIPPDQQRLIFAGKQLEDGRTLSDYNIQKESTLHLVLRLRGG,58474.17,H349C214O67N64,3.0,1630.1895283654037,0.0456,0.9094,0.0012,0.1709,10.0,1.0
a+1,4918.692564700141,4918.696745269579,1,44,-0.8499343738149764,0,0,MQIFVKTLTGKTITLEVEPSDTIENVKAKIQDKEGIPPDQQRLI,325756.17,H370C219S1O68N57,3.0,1640.5586450320702,0.9816,0.9816,0.0015,0.0974,11.0,0.0
cx,4929.687694349243,4929.670292967912,7,51,3.5299280270337428,0,0,TLTGKTITLEVEPSDTIENVKAKIQDKEGIPPDQQRLIFAGKQLE,21526.49,H365C219O71N57,3.0,1644.2236583654037,0.9286,0.9286,0.0048,0.2258,11.0,4.0
c,4962.7062535670075,4962.710383958079,1,44,-0.8322853343425203,0,0,MQIFVKTLTGKTITLEVEPSDTIENVKAKIQDKEGIPPDQQRLI,23719.36,H372C220S1O69N58,3.0,1655.22975503207,0.9727,0.9727,0.002,0.1281,11.0,4.0
ax,4971.667476632595,4971.66827633565,32,74,-0.16085205423750457,0,0,DKEGIPPDQQRLIFAGKQLEDGRTLSDYNIQKESTLHLVLRLR,62172.75,H359C219O67N65,4.0,1243.91456003207,0.911,0.911,0.0014,0.2244,11.0,1.0
y,4988.68994542578,4988.69482543666,33,76,-0.9782139518547491,0,0,KEGIPPDQQRLIFAGKQLEDGRTLSDYNIQKESTLHLVLRLRGG,263929.94,H362C219N66O67,4.0,1248.17014253207,0.8061,0.8091,0.0014,0.344,11.0,1.0
x+1,5015.67886548071,5015.68191502415,33,76,-0.6080017616645569,0,0,KEGIPPDQQRLIFAGKQLEDGRTLSDYNIQKESTLHLVLRLRGG,103390.68,H361C220N66O68,4.0,1254.91731753207,0.9901,0.9901,0.0031,0.0667,11.0,1.0
cx,5057.714918222865,5057.730207885871,26,70,-3.0230285874631653,0,0,VKAKIQDKEGIPPDQQRLIFAGKQLEDGRTLSDYNIQKESTLHLV,23902.71,H369C225O69N63,4.0,1265.42624503207,0.3357,0.7939,0.0035,0.2768,11.0,1.0
a+1,5065.762023835171,5065.765159182569,1,45,-0.6189286907858665,0,0,MQIFVKTLTGKTITLEVEPSDTIENVKAKIQDKEGIPPDQQRLIF,431592.17,H379C228S1O69N58,3.0,1689.5813983654034,0.985,0.985,0.0012,0.0836,11.0,2.0
z+1,5087.69846269455,5087.703044391551,32,76,-0.9005433220918088,0,0,DKEGIPPDQQRLIFAGKQLEDGRTLSDYNIQKESTLHLVLRLRGG,52456.88,H365C223O70N66,4.0,1272.92207003207,0.9798,0.9798,0.0029,0.1138,11.0,2.0
y-1,5102.712985115887,5102.71394342842,32,76,-0.18780447886250157,0,0,DKEGIPPDQQRLIFAGKQLEDGRTLSDYNIQKESTLHLVLRLRGG,44812.09,H366C223O70N67,4.0,1276.67567003207,0.9558,0.9558,0.0045,0.1701,11.0,0.0
c,5109.77631270693,5109.7787978710685,1,45,-0.4863545442205811,0,0,MQIFVKTLTGKTITLEVEPSDTIENVKAKIQDKEGIPPDQQRLIF,23334.04,H381C229S1O70N59,3.0,1704.2527083654036,0.9923,0.9923,0.0016,0.0985,11.0,4.0
x+1,5130.706283360044,5130.70885804798,32,76,-0.5018191457876106,0,0,DKEGIPPDQQRLIFAGKQLEDGRTLSDYNIQKESTLHLVLRLRGG,105994.09,H366C224O71N67,4.0,1283.67393753207,0.9985,0.9985,0.0014,0.028,11.0,2.0
a+1,5136.8003330480515,5136.802272967279,1,46,-0.377651138742222,0,0,MQIFVKTLTGKTITLEVEPSDTIENVKAKIQDKEGIPPDQQRLIFA,155059.98,H384C231S1O70N59,3.0,1713.260641698737,0.8077,0.913,0.0044,0.167,11.0,2.0
a+1,5193.822097976637,5193.823736687849,1,47,-0.31551151808988465,0,0,MQIFVKTLTGKTITLEVEPSDTIENVKAKIQDKEGIPPDQQRLIFAG,96823.71,H387C233S1O71N60,3.0,1732.2677416987367,0.9982,0.9982,0.001,0.0348,11.0,2.0
z+1,5215.75776682974,5215.761621896831,31,76,-0.7391187270602533,0,0,QDKEGIPPDQQRLIFAGKQLEDGRTLSDYNIQKESTLHLVLRLRGG,86953.38,H373C228O72N68,4.0,1304.9366350320702,-0.0703,0.9164,0.0033,0.165,11.0,0.0
y-1,5230.771119241536,5230.7725209336995,31,76,-0.26797039205768836,0,0,QDKEGIPPDQQRLIFAGKQLEDGRTLSDYNIQKESTLHLVLRLRGG,47922.33,H374C228O72N69,4.0,1308.68994253207,0.9137,0.9137,0.0053,0.1993,11.0,0.0
c,5237.835196838695,5237.837375376349,1,47,-0.4159231182189113,0,0,MQIFVKTLTGKTITLEVEPSDTIENVKAKIQDKEGIPPDQQRLIFAG,26397.18,H389C234S1O72N61,3.0,1746.93865503207,0.9805,0.9805,0.0015,0.1838,11.0,5.0
x+1,5258.76394748186,5258.76743555326,31,76,-0.6632868714802153,0,0,QDKEGIPPDQQRLIFAGKQLEDGRTLSDYNIQKESTLHLVLRLRGG,119530.72,H374C229O73N69,4.0,1315.68809253207,0.9721,0.9721,0.002,0.0978,11.0,0.0
a+1,5321.915302388234,5321.91869970185,1,48,-0.6383625545042677,0,0,MQIFVKTLTGKTITLEVEPSDTIENVKAKIQDKEGIPPDQQRLIFAGK,67832.05,H399C239S1O72N62,4.0,1331.47580253207,0.8085,0.9152,0.0011,0.1827,11.0,0.0
a+1,5321.915622390843,5321.91869970185,1,48,-0.5782333741280625,0,0,MQIFVKTLTGKTITLEVEPSDTIENVKAKIQDKEGIPPDQQRLIFAGK,45034.94,H399C239S1O72N62,3.0,1774.96523503207,0.733,0.9107,0.001,0.1775,11.0,3.0
y-1,5343.856651287648,5343.856584910829,30,76,0.012421145228667172,0,0,IQDKEGIPPDQQRLIFAGKQLEDGRTLSDYNIQKESTLHLVLRLRGG,52900.97,H385C234O73N70,4.0,1336.96109503207,0.9062,0.9062,0.0017,0.2123,11.0,0.0
x,5370.849211372257,5370.843674498319,30,76,1.0309132555769203,0,0,IQDKEGIPPDQQRLIFAGKQLEDGRTLSDYNIQKESTLHLVLRLRGG,61734.82,H384C235O74N70,4.0,1343.70918003207,0.8482,0.8482,0.0029,0.2715,11.0,0.0
a,5448.972488352625,5448.96945217506,1,49,0.5572021630717152,0,0,MQIFVKTLTGKTITLEVEPSDTIENVKAKIQDKEGIPPDQQRLIFAGKQ,36364.41,H406C244S1O74N64,3.0,1817.3171783654036,0.9162,0.9162,0.0009,0.2363,11.0,3.0
y-1,5471.949645697532,5471.951547924828,29,76,-0.34763233549875805,0,0,KIQDKEGIPPDQQRLIFAGKQLEDGRTLSDYNIQKESTLHLVLRLRGG,90772.09,H397C240N72O74,4.0,1368.98408253207,0.9363,0.9363,0.0017,0.1792,11.0,0.0
x+1,5499.945123959463,5499.946462544389,29,76,-0.24338144656580132,0,0,KIQDKEGIPPDQQRLIFAGKQLEDGRTLSDYNIQKESTLHLVLRLRGG,81999.45,H397C241N72O75,4.0,1375.98289503207,0.8937,0.8937,0.0015,0.2046,11.0,0.0
az+2,5526.972234325778,5526.969937640601,25,72,0.4155414636611134,0,0,NVKAKIQDKEGIPPDQQRLIFAGKQLEDGRTLSDYNIQKESTLHLVLR,92225.99,H400C243O75N72,4.0,1382.73961753207,0.7828,0.8133,0.0022,0.2962,11.0,0.0
y-1,5542.996694981675,5542.988661709539,28,76,1.4492672864077571,0,0,AKIQDKEGIPPDQQRLIFAGKQLEDGRTLSDYNIQKESTLHLVLRLRGG,56640.05,H402C243O75N73,4.0,1386.74570003207,0.7487,0.882,0.0011,0.2337,11.0,0.0
a,5562.054030366203,5562.05351615219,1,50,0.09245038924731552,0,0,MQIFVKTLTGKTITLEVEPSDTIENVKAKIQDKEGIPPDQQRLIFAGKQL,38563.13,H417C250S1O75N65,3.0,1855.0107183654036,0.9651,0.9651,0.0008,0.1616,11.0,3.0
a,5562.054030366203,5562.05351615219,1,50,0.09245038924731552,0,0,MQIFVKTLTGKTITLEVEPSDTIENVKAKIQDKEGIPPDQQRLIFAGKQL,110873.0,H417C250S1O75N65,4.0,1391.50999503207,0.9584,0.9584,0.0031,0.1509,11.0,0.0
y,5672.087597528032,5672.09144975561,27,76,-0.6791547018150712,0,0,KAKIQDKEGIPPDQQRLIFAGKQLEDGRTLSDYNIQKESTLHLVLRLRGG,48723.56,H415C249N75O76,4.0,1419.0181625320702,-0.4244,0.7867,0.0047,0.3218,11.0,1.0
a,5691.097172523144,5691.09610924016,1,51,0.18683272310174673,0,0,MQIFVKTLTGKTITLEVEPSDTIENVKAKIQDKEGIPPDQQRLIFAGKQLE,39593.81,H424C255S1O78N66,3.0,1898.0247483654036,0.8881,0.8881,0.0061,0.2126,11.0,1.0
y-1,5770.1518070973625,5770.152038636529,26,76,-0.04012704779422629,0,0,VKAKIQDKEGIPPDQQRLIFAGKQLEDGRTLSDYNIQKESTLHLVLRLRGG,38453.06,H423C254O77N76,4.0,1443.53401503207,0.8792,0.8792,0.0026,0.2662,11.0,0.0
x+1,5798.153145407073,5798.14695325609,26,76,1.067953439804973,0,0,VKAKIQDKEGIPPDQQRLIFAGKQLEDGRTLSDYNIQKESTLHLVLRLRGG,56369.05,H423C255O78N76,4.0,1450.53429253207,0.9099,0.9099,0.004,0.2451,11.0,0.0
a+1,5807.125518563573,5807.13087729606,1,52,-0.9227848658133263,0,0,MQIFVKTLTGKTITLEVEPSDTIENVKAKIQDKEGIPPDQQRLIFAGKQLED,20694.16,H430C259S1O81N67,3.0,1936.7005483654036,0.8885,0.8885,0.0065,0.2388,12.0,4.0
bx,5817.114100005757,5817.11638666042,6,58,-0.3930907534423233,0,0,KTLTGKTITLEVEPSDTIENVKAKIQDKEGIPPDQQRLIFAGKQLEDGRTLSD,42546.19,H426C254N70O85,4.0,1455.27449253207,0.0853,0.753,0.0017,0.3261,11.0,0.0
b,5834.114948622661,5834.117966883549,1,52,-0.5173465646592599,0,0,MQIFVKTLTGKTITLEVEPSDTIENVKAKIQDKEGIPPDQQRLIFAGKQLED,35932.07,H429C260S1O82N67,3.0,1945.696951698737,0.9964,0.9964,0.0011,0.074,12.0,4.0
y-1,5884.194186945159,5884.194966077671,25,76,-0.13241106319838838,0,0,NVKAKIQDKEGIPPDQQRLIFAGKQLEDGRTLSDYNIQKESTLHLVLRLRGG,69614.47,H429C258O79N78,4.0,1472.04437753207,0.9618,0.9618,0.0026,0.1668,12.0,0.0
x+1,5912.184185162408,5912.189880697231,25,76,-0.9633545164440127,0,0,NVKAKIQDKEGIPPDQQRLIFAGKQLEDGRTLSDYNIQKESTLHLVLRLRGG,89617.32,H429C259O80N78,4.0,1479.04182003207,0.9276,0.9276,0.0016,0.2063,12.0,0.0
a,6019.247438105695,6019.245627008159,1,54,0.30088447096980003,0,0,MQIFVKTLTGKTITLEVEPSDTIENVKAKIQDKEGIPPDQQRLIFAGKQLEDGR,198239.85,H444C267S1O83N72,4.0,1505.80741503207,0.9496,0.9496,0.0013,0.1656,12.0,0.0
x+1,6041.229347335819,6041.2324737851995,24,76,-0.5175184690391785,0,0,ENVKAKIQDKEGIPPDQQRLIFAGKQLEDGRTLSDYNIQKESTLHLVLRLRGG,91264.54,H436C264O83N79,4.0,1511.30284753207,0.6178,0.8977,0.0018,0.2167,12.0,0.0
c,6064.266505169942,6064.267090728729,1,54,-0.09655887153240694,0,0,MQIFVKTLTGKTITLEVEPSDTIENVKAKIQDKEGIPPDQQRLIFAGKQLEDGR,97332.76,H447C268S1O84N73,4.0,1517.06209003207,0.9743,0.9743,0.0038,0.1132,12.0,0.0
y-1,6126.319481120652,6126.32162314277,23,76,-0.34964245254065257,0,0,IENVKAKIQDKEGIPPDQQRLIFAGKQLEDGRTLSDYNIQKESTLHLVLRLRGG,39011.46,H447C269O83N80,4.0,1532.57520753207,0.7096,0.9031,0.0046,0.1788,12.0,2.0
ax,6211.350504423526,6211.350577542241,21,74,-0.011771790010622533,0,0,DTIENVKAKIQDKEGIPPDQQRLIFAGKQLEDGRTLSDYNIQKESTLHLVLRLR,34998.76,H452C273O85N80,4.0,1553.83279003207,0.698,0.836,0.0027,0.3423,12.0,0.0
z+1,6212.351382584215,6212.358402574311,22,76,-1.130004040593434,0,0,TIENVKAKIQDKEGIPPDQQRLIFAGKQLEDGRTLSDYNIQKESTLHLVLRLRGG,32247.73,H453C273O85N80,5.0,1243.46797103207,0.5046,0.8288,0.0034,0.2641,12.0,3.0
y-1,6227.369765037024,6227.36930161118,22,76,0.07441759456891857,0,0,TIENVKAKIQDKEGIPPDQQRLIFAGKQLEDGRTLSDYNIQKESTLHLVLRLRGG,20931.21,H454C273O85N81,5.0,1246.47162303207,-0.2492,0.8535,0.0025,0.2505,12.0,3.0
a,6233.377744023253,6233.377369453699,1,56,0.06009094777491754,0,0,MQIFVKTLTGKTITLEVEPSDTIENVKAKIQDKEGIPPDQQRLIFAGKQLEDGRTL,144038.71,H462C277S1O86N74,4.0,1559.3395550320702,0.958,0.958,0.0037,0.1337,12.0,1.0
x+1,6255.355733221414,6255.364216230741,22,76,-1.3561175709756312,0,0,TIENVKAKIQDKEGIPPDQQRLIFAGKQLEDGRTLSDYNIQKESTLHLVLRLRGG,32846.31,H454C274O86N81,4.0,1564.83400753207,0.4627,0.5878,0.0017,0.5483,12.0,1.0
c,6278.394801071111,6278.398833174269,1,56,-0.6422183848924264,0,0,MQIFVKTLTGKTITLEVEPSDTIENVKAKIQDKEGIPPDQQRLIFAGKQLEDGRTL,49708.37,H465C278S1O87N75,4.0,1570.59372753207,0.97,0.97,0.0032,0.1242,12.0,0.0
a+1,6321.412841819933,6321.41722289004,1,57,-0.6930518824885343,0,0,MQIFVKTLTGKTITLEVEPSDTIENVKAKIQDKEGIPPDQQRLIFAGKQLEDGRTLS,48917.74,H468C280S1O88N75,4.0,1581.34815003207,0.9478,0.9478,0.007,0.1553,12.0,0.0
y-1,6342.396902914074,6342.39624463501,21,76,0.10379027726215904,0,0,DTIENVKAKIQDKEGIPPDQQRLIFAGKQLEDGRTLSDYNIQKESTLHLVLRLRGG,23365.73,H459C277O88N82,4.0,1586.59412253207,0.5261,0.8271,0.0038,0.3113,12.0,1.0
x+1,6370.388491144287,6370.39115925457,21,76,-0.4188298985075854,0,0,DTIENVKAKIQDKEGIPPDQQRLIFAGKQLEDGRTLSDYNIQKESTLHLVLRLRGG,33403.98,H459C278O89N82,5.0,1275.07513503207,0.9745,0.9745,0.0035,0.1078,12.0,1.0
x+1,6370.392071173477,6370.39115925457,21,76,0.14314959385579068,0,0,DTIENVKAKIQDKEGIPPDQQRLIFAGKQLEDGRTLSDYNIQKESTLHLVLRLRGG,59012.27,H459C278O89N82,4.0,1593.59285753207,0.6856,0.9035,0.0039,0.1901,12.0,1.0
a,6435.438281529609,6435.4363408818,1,58,0.3015565234023416,0,0,MQIFVKTLTGKTITLEVEPSDTIENVKAKIQDKEGIPPDQQRLIFAGKQLEDGRTLSD,141345.4,H472C284S1O91N76,4.0,1609.85427753207,0.9653,0.9653,0.004,0.1313,12.0,0.0
x,6456.414492559746,6456.415362626771,20,76,-0.13476007601652934,0,0,SDTIENVKAKIQDKEGIPPDQQRLIFAGKQLEDGRTLSDYNIQKESTLHLVLRLRGG,71143.61,H463C281O91N83,5.0,1292.2801950320702,0.9146,0.9146,0.0014,0.2029,12.0,0.0
b,6463.429039753055,6463.431255501359,1,58,-0.342813007037618,0,0,MQIFVKTLTGKTITLEVEPSDTIENVKAKIQDKEGIPPDQQRLIFAGKQLEDGRTLSD,252348.36,H472C285S1O92N76,4.0,1616.85191003207,0.9955,0.9955,0.0016,0.0483,12.0,1.0
c,6480.457358593939,6480.45780460237,1,58,-0.06882359926947759,0,0,MQIFVKTLTGKTITLEVEPSDTIENVKAKIQDKEGIPPDQQRLIFAGKQLEDGRTLSD,49537.87,H475C285S1O92N77,4.0,1621.10895503207,0.9367,0.9367,0.003,0.2313,12.0,2.0
cx,6481.457276746799,6481.472149226902,18,74,-2.294614519738194,0,0,EPSDTIENVKAKIQDKEGIPPDQQRLIFAGKQLEDGRTLSDYNIQKESTLHLVLRLR,26185.37,H470C285O90N82,5.0,1297.28871103207,0.9658,0.9658,0.0031,0.1429,12.0,0.0
cy,6509.467395128098,6509.467063846461,18,74,0.050892282547254614,0,0,EPSDTIENVKAKIQDKEGIPPDQQRLIFAGKQLEDGRTLSDYNIQKESTLHLVLRLR,26339.92,H470C286O91N82,4.0,1628.36140503207,0.2573,0.8114,0.0038,0.3439,12.0,4.0
y-2,6525.471045614319,6525.47321185606,19,76,-0.3319669960997847,0,0,PSDTIENVKAKIQDKEGIPPDQQRLIFAGKQLEDGRTLSDYNIQKESTLHLVLRLRGG,709150.84,H470C285O91N84,5.0,1306.09139303207,0.9818,0.9818,0.0006,0.0938,12.0,0.0
y-1,6526.479023832899,6526.48103688813,19,76,-0.308444201364835,0,0,PSDTIENVKAKIQDKEGIPPDQQRLIFAGKQLEDGRTLSDYNIQKESTLHLVLRLRGG,340687.02,H471C285O91N84,4.0,1632.61427753207,0.9919,0.9919,0.0009,0.0503,12.0,1.0
ax,6581.492422386214,6581.499426603901,18,75,-1.0642282607054545,0,0,EPSDTIENVKAKIQDKEGIPPDQQRLIFAGKQLEDGRTLSDYNIQKESTLHLVLRLRG,60701.75,H474C288O92N84,5.0,1317.29557703207,0.9409,0.9409,0.0015,0.1591,12.0,0.0
ax,6581.495402410512,6581.499426603901,18,75,-0.6114402096693256,0,0,EPSDTIENVKAKIQDKEGIPPDQQRLIFAGKQLEDGRTLSDYNIQKESTLHLVLRLRG,38019.27,H474C288O92N84,4.0,1646.36826003207,0.9326,0.9326,0.0032,0.1842,12.0,2.0
a,6598.498871048778,6598.49966941435,1,59,-0.12099198489576314,0,0,MQIFVKTLTGKTITLEVEPSDTIENVKAKIQDKEGIPPDQQRLIFAGKQLEDGRTLSDY,308128.59,H481C293S1O93N77,4.0,1650.61909253207,0.982,0.982,0.0012,0.1001,12.0,0.0
cx,6611.506507106909,6611.512676626201,13,71,-0.9331479184029763,0,0,ITLEVEPSDTIENVKAKIQDKEGIPPDQQRLIFAGKQLEDGRTLSDYNIQKESTLHLVL,76071.15,H480C293O95N78,5.0,1323.29834503207,0.7159,0.9272,0.0014,0.1478,12.0,0.0
cy,6639.504225387104,6639.5075912457605,13,71,-0.506944018060962,0,0,ITLEVEPSDTIENVKAKIQDKEGIPPDQQRLIFAGKQLEDGRTLSDYNIQKESTLHLVL,70568.74,H480C294O96N78,5.0,1328.89784303207,0.933,0.933,0.0011,0.2034,12.0,0.0
z+1,6640.512103604868,6640.512730939231,18,76,-0.09447077187593984,0,0,EPSDTIENVKAKIQDKEGIPPDQQRLIFAGKQLEDGRTLSDYNIQKESTLHLVLRLRGG,59292.03,H477C290O94N84,4.0,1661.12231503207,0.9657,0.9657,0.0033,0.1735,12.0,0.0
y-1,6655.516815946219,6655.5236299761,18,76,-1.023815744587399,0,0,EPSDTIENVKAKIQDKEGIPPDQQRLIFAGKQLEDGRTLSDYNIQKESTLHLVLRLRGG,41252.96,H478C290O94N85,5.0,1332.10033503207,0.7287,0.9061,0.002,0.2257,12.0,0.0
y-1,6655.52307599726,6655.5236299761,18,76,-0.08323595117205797,0,0,EPSDTIENVKAKIQDKEGIPPDQQRLIFAGKQLEDGRTLSDYNIQKESTLHLVLRLRGG,51099.88,H478C290O94N85,4.0,1664.87502753207,0.9434,0.9434,0.0043,0.1825,12.0,3.0
x+1,6683.514204223722,6683.51854459566,18,76,-0.6494142133830364,0,0,EPSDTIENVKAKIQDKEGIPPDQQRLIFAGKQLEDGRTLSDYNIQKESTLHLVLRLRGG,54273.59,H478C291O95N85,5.0,1337.69976703207,0.9733,0.9733,0.0015,0.1514,12.0,0.0
x+1,6683.5151142311415,6683.51854459566,18,76,-0.5132572754865373,0,0,EPSDTIENVKAKIQDKEGIPPDQQRLIFAGKQLEDGRTLSDYNIQKESTLHLVLRLRGG,45938.92,H478C291O95N85,4.0,1671.87298003207,0.957,0.957,0.004,0.1366,12.0,3.0
a,6712.540020886546,6712.54259685549,1,60,-0.3837545769114853,0,0,MQIFVKTLTGKTITLEVEPSDTIENVKAKIQDKEGIPPDQQRLIFAGKQLEDGRTLSDYN,140388.03,H487C297S1O95N79,4.0,1679.12914753207,0.9872,0.9872,0.001,0.1018,12.0,0.0
y-1,6754.5896537394265,6754.59204388909,17,76,-0.3538555175263606,0,0,VEPSDTIENVKAKIQDKEGIPPDQQRLIFAGKQLEDGRTLSDYNIQKESTLHLVLRLRGG,21591.68,H487C295O95N86,4.0,1689.64147003207,0.774,0.7804,0.006,0.3367,12.0,3.0
y-1,6754.591083751086,6754.59204388909,17,76,-0.14214596487162043,0,0,VEPSDTIENVKAKIQDKEGIPPDQQRLIFAGKQLEDGRTLSDYNIQKESTLHLVLRLRGG,55916.69,H487C295O95N86,5.0,1351.91502703207,0.9477,0.9477,0.0006,0.1769,12.0,0.0
x,6781.579293800228,6781.57913347658,17,76,0.023641049477947807,0,0,VEPSDTIENVKAKIQDKEGIPPDQQRLIFAGKQLEDGRTLSDYNIQKESTLHLVLRLRGG,103448.51,H486C296O96N86,5.0,1357.3126250320702,0.9467,0.9467,0.0013,0.1723,12.0,0.0
x,6781.581593818981,6781.57913347658,17,76,0.36279786055491653,0,0,VEPSDTIENVKAKIQDKEGIPPDQQRLIFAGKQLEDGRTLSDYNIQKESTLHLVLRLRGG,43166.28,H486C296O96N86,4.0,1696.3894000320702,0.8389,0.8554,0.0013,0.2866,12.0,2.0
a,6825.625552932658,6825.6266608326205,1,61,-0.16231476132331,0,0,MQIFVKTLTGKTITLEVEPSDTIENVKAKIQDKEGIPPDQQRLIFAGKQLEDGRTLSDYNI,141822.95,H498C303S1O96N80,4.0,1707.4003000320702,0.9824,0.9824,0.0009,0.1164,13.0,2.0
ay,6838.611788816302,6838.614515925789,13,72,-0.39878099305051706,0,0,ITLEVEPSDTIENVKAKIQDKEGIPPDQQRLIFAGKQLEDGRTLSDYNIQKESTLHLVLR,26599.03,H493C301O98N83,5.0,1368.71903103207,0.2461,0.728,0.0042,0.3878,13.0,0.0
y,6884.638274094564,6884.64246200913,16,76,-0.6082980473728979,0,0,EVEPSDTIENVKAKIQDKEGIPPDQQRLIFAGKQLEDGRTLSDYNIQKESTLHLVLRLRGG,58046.66,H495C300O98N87,5.0,1377.92425303207,0.9375,0.9375,0.0038,0.1937,13.0,1.0
y,6884.639544104919,6884.64246200913,16,76,-0.42382799504058466,0,0,EVEPSDTIENVKAKIQDKEGIPPDQQRLIFAGKQLEDGRTLSDYNIQKESTLHLVLRLRGG,25095.51,H495C300O98N87,4.0,1722.15367753207,0.982,0.982,0.0018,0.1183,13.0,4.0
x,6910.61775591901,6910.62172656455,16,76,-0.5745713912730139,0,0,EVEPSDTIENVKAKIQDKEGIPPDQQRLIFAGKQLEDGRTLSDYNIQKESTLHLVLRLRGG,107443.26,H493C301O99N87,5.0,1383.12010703207,0.9179,0.9179,0.0021,0.233,13.0,0.0
x+1,6911.630024172567,6911.62955159662,16,76,0.06837402710963968,0,0,EVEPSDTIENVKAKIQDKEGIPPDQQRLIFAGKQLEDGRTLSDYNIQKESTLHLVLRLRGG,41056.04,H494C301O99N87,4.0,1728.90124253207,0.9939,0.9939,0.0013,0.0883,13.0,4.0
bz+2,6926.683356910345,6926.6781788115095,12,72,0.7475587433772709,0,0,TITLEVEPSDTIENVKAKIQDKEGIPPDQQRLIFAGKQLEDGRTLSDYNIQKESTLHLVLR,31005.93,H501C304O99N85,6.0,1155.4456383654033,-0.0719,0.4771,0.0022,0.6002,13.0,6.0
cy,6938.641764413562,6938.65571203143,4,65,-2.010132574259385,0,0,FVKTLTGKTITLEVEPSDTIENVKAKIQDKEGIPPDQQRLIFAGKQLEDGRTLSDYNIQKES,21573.21,H501C307O101N81,5.0,1388.72486303207,0.689,0.7149,0.0032,0.3955,13.0,3.0
a,6953.68604707755,6953.6852383379,1,62,0.11630374718779903,0,0,MQIFVKTLTGKTITLEVEPSDTIENVKAKIQDKEGIPPDQQRLIFAGKQLEDGRTLSDYNIQ,116761.32,H506C308S1O98N82,4.0,1739.41516253207,0.9764,0.9764,0.0031,0.1174,13.0,2.0
cx,6980.701947352463,6980.736362393972,14,75,-4.9300016104185485,0,0,TLEVEPSDTIENVKAKIQDKEGIPPDQQRLIFAGKQLEDGRTLSDYNIQKESTLHLVLRLRG,49028.37,H507C307O98N87,5.0,1397.13683103207,0.8211,0.8211,0.0052,0.318,13.0,0.0
y,6997.703225972873,6997.72652598626,15,76,-3.3296547528919294,0,0,LEVEPSDTIENVKAKIQDKEGIPPDQQRLIFAGKQLEDGRTLSDYNIQKESTLHLVLRLRGG,53099.28,H506C306O99N88,4.0,1750.41936753207,0.9186,0.9186,0.0053,0.2357,13.0,2.0
x,7023.703637967975,7023.70579054168,15,76,-0.3064726469085325,0,0,LEVEPSDTIENVKAKIQDKEGIPPDQQRLIFAGKQLEDGRTLSDYNIQKESTLHLVLRLRGG,76125.8,H504C307O100N88,5.0,1405.73709903207,0.3818,0.7106,0.006,0.3962,13.0,0.0
x+1,7024.710346176199,7024.71361557375,15,76,-0.4654136424320815,0,0,LEVEPSDTIENVKAKIQDKEGIPPDQQRLIFAGKQLEDGRTLSDYNIQKESTLHLVLRLRGG,23991.51,H505C307O100N88,4.0,1757.17109253207,0.9816,0.9816,0.0011,0.146,13.0,6.0
a,7081.774841453188,7081.780201351899,1,63,-0.7568575356914606,0,0,MQIFVKTLTGKTITLEVEPSDTIENVKAKIQDKEGIPPDQQRLIFAGKQLEDGRTLSDYNIQK,52924.8,H518C314S1O99N84,4.0,1771.43710003207,-0.117,0.7712,0.0089,0.2777,13.0,2.0
z+1,7082.757989469314,7082.755480385731,14,76,0.3542524643606787,0,0,TLEVEPSDTIENVKAKIQDKEGIPPDQQRLIFAGKQLEDGRTLSDYNIQKESTLHLVLRLRGG,79778.54,H511C310O101N88,5.0,1417.54787303207,0.2474,0.8158,0.0033,0.2993,13.0,0.0
x,7124.755391896332,7124.75346901009,14,76,0.2698881091663805,0,0,TLEVEPSDTIENVKAKIQDKEGIPPDQQRLIFAGKQLEDGRTLSDYNIQKESTLHLVLRLRGG,30808.83,H511C311O102N89,4.0,1782.18215003207,0.8389,0.8389,0.0017,0.3736,13.0,5.0
x+1,7125.755730052618,7125.76129404216,14,76,-0.780827382939614,0,0,TLEVEPSDTIENVKAKIQDKEGIPPDQQRLIFAGKQLEDGRTLSDYNIQKESTLHLVLRLRGG,130568.79,H512C311O102N89,5.0,1426.14735103207,-0.1647,0.8727,0.0049,0.2802,13.0,5.0
ax,7194.831603264721,7194.80925255071,2,65,3.1065054299949626,0,0,QIFVKTLTGKTITLEVEPSDTIENVKAKIQDKEGIPPDQQRLIFAGKQLEDGRTLSDYNIQKES,74654.33,H521C318O104N85,5.0,1439.96241303207,0.8897,0.8897,0.0034,0.2577,13.0,0.0
a,7210.8217236406235,7210.8227944398695,1,64,-0.14849889902079755,0,0,MQIFVKTLTGKTITLEVEPSDTIENVKAKIQDKEGIPPDQQRLIFAGKQLEDGRTLSDYNIQKE,95910.66,H525C319S1O102N85,5.0,1443.16041103207,0.8996,0.8996,0.0017,0.2584,13.0,0.0
a,7210.824863666226,7210.8227944398695,1,64,0.28696119916661555,0,0,MQIFVKTLTGKTITLEVEPSDTIENVKAKIQDKEGIPPDQQRLIFAGKQLEDGRTLSDYNIQKE,65294.15,H525C319S1O102N85,4.0,1803.69934253207,0.9681,0.9681,0.0008,0.1349,13.0,4.0
x+1,7238.841112097506,7238.84535801929,13,76,-0.586546828103345,0,0,ITLEVEPSDTIENVKAKIQDKEGIPPDQQRLIFAGKQLEDGRTLSDYNIQKESTLHLVLRLRGG,20597.72,H523C317O103N90,4.0,1810.70334753207,0.9701,0.9701,0.0018,0.1601,13.0,5.0
x+1,7238.84321211463,7238.84535801929,13,76,-0.2964429482988058,0,0,ITLEVEPSDTIENVKAKIQDKEGIPPDQQRLIFAGKQLEDGRTLSDYNIQKESTLHLVLRLRGG,141577.8,H523C317O103N90,5.0,1448.76466303207,0.9822,0.9822,0.0045,0.0961,13.0,0.0
cy,7280.844294571653,7280.846031982251,2,66,-0.23862757016303698,0,0,QIFVKTLTGKTITLEVEPSDTIENVKAKIQDKEGIPPDQQRLIFAGKQLEDGRTLSDYNIQKEST,55753.68,H527C322O106N85,5.0,1457.16481103207,0.9632,0.9632,0.0044,0.1639,13.0,0.0
bz+2,7295.880347168537,7295.893316527839,3,67,-1.7776245812555818,0,0,IFVKTLTGKTITLEVEPSDTIENVKAKIQDKEGIPPDQQRLIFAGKQLEDGRTLSDYNIQKESTL,84497.44,H532C323O105N86,5.0,1460.17199703207,0.8823,0.8823,0.0031,0.2358,13.0,0.0
a,7297.86046331347,7297.85482284414,1,65,0.7728941541622776,0,0,MQIFVKTLTGKTITLEVEPSDTIENVKAKIQDKEGIPPDQQRLIFAGKQLEDGRTLSDYNIQKES,32044.19,H530C322S1O104N86,4.0,1825.45806503207,0.8643,0.8755,0.0038,0.2309,13.0,3.0
y-1,7311.903677815221,7311.898121868139,12,76,0.7598501769893893,0,0,TITLEVEPSDTIENVKAKIQDKEGIPPDQQRLIFAGKQLEDGRTLSDYNIQKESTLHLVLRLRGG,52399.6,H530C320O104N91,5.0,1463.3766370320702,0.9245,0.9245,0.0021,0.2085,13.0,0.0
x,7338.892877872434,7338.885211455629,12,76,1.044629611129665,0,0,TITLEVEPSDTIENVKAKIQDKEGIPPDQQRLIFAGKQLEDGRTLSDYNIQKESTLHLVLRLRGG,78742.84,H529C321O105N91,5.0,1468.7744330320702,0.8667,0.8667,0.0035,0.2551,13.0,0.0
a+1,7399.909625374225,7399.91032634462,1,66,-0.09472687707949126,0,0,MQIFVKTLTGKTITLEVEPSDTIENVKAKIQDKEGIPPDQQRLIFAGKQLEDGRTLSDYNIQKEST,49915.72,H538C326S1O106N87,5.0,1480.97768303207,0.9065,0.9065,0.0018,0.2466,13.0,0.0
bz+2,7423.972431571001,7423.951894033119,2,67,2.7663888687601976,0,0,QIFVKTLTGKTITLEVEPSDTIENVKAKIQDKEGIPPDQQRLIFAGKQLEDGRTLSDYNIQKESTL,74971.03,H540C328O107N88,5.0,1485.7902050320702,0.8798,0.9352,0.0032,0.1719,13.0,0.0
y-2,7438.989194010602,7438.985259850069,11,76,0.5288571485299647,0,0,KTITLEVEPSDTIENVKAKIQDKEGIPPDQQRLIFAGKQLEDGRTLSDYNIQKESTLHLVLRLRGG,112988.78,H541C326N93O105,5.0,1488.79353303207,0.2067,0.5482,0.0019,0.563,13.0,0.0
x+1,7467.977580368237,7467.9879995017,11,76,-1.395172764574517,0,0,KTITLEVEPSDTIENVKAKIQDKEGIPPDQQRLIFAGKQLEDGRTLSDYNIQKESTLHLVLRLRGG,87909.29,H542C327N93O106,5.0,1494.59116303207,0.9568,0.9568,0.0027,0.1369,13.0,0.0
y-1,7497.009437080309,7497.01454860271,10,76,-0.681807720697805,0,0,GKTITLEVEPSDTIENVKAKIQDKEGIPPDQQRLIFAGKQLEDGRTLSDYNIQKESTLHLVLRLRGG,88373.84,H545C328O106N94,5.0,1500.39748703207,0.9817,0.9817,0.0018,0.1177,13.0,0.0
a,7511.98309916849,7511.98656528968,1,67,-0.4614120591471824,0,0,MQIFVKTLTGKTITLEVEPSDTIENVKAKIQDKEGIPPDQQRLIFAGKQLEDGRTLSDYNIQKESTL,102621.25,H548C332S1O107N88,5.0,1503.39219503207,0.9257,0.9257,0.0026,0.1845,13.0,0.0
a,7511.988459212193,7511.98656528968,1,67,0.25212006135953674,0,0,MQIFVKTLTGKTITLEVEPSDTIENVKAKIQDKEGIPPDQQRLIFAGKQLEDGRTLSDYNIQKESTL,24906.67,H548C332S1O107N88,4.0,1878.98962753207,0.9636,0.9636,0.0008,0.2137,13.0,6.0
x,7524.003267175273,7524.0016381902005,10,76,0.21650514594734294,0,0,GKTITLEVEPSDTIENVKAKIQDKEGIPPDQQRLIFAGKQLEDGRTLSDYNIQKESTLHLVLRLRGG,120503.38,H544C329O107N94,5.0,1505.79620903207,0.8588,0.8588,0.0035,0.2597,13.0,0.0
y-1,7598.0567409723835,7598.062227071119,9,76,-0.7220391952209717,0,0,TGKTITLEVEPSDTIENVKAKIQDKEGIPPDQQRLIFAGKQLEDGRTLSDYNIQKESTLHLVLRLRGG,43652.24,H552C332O108N95,5.0,1520.60678303207,0.1759,0.8448,0.0021,0.2825,13.0,0.0
x,7625.047821044925,7625.049316658609,9,76,-0.19614478839407726,0,0,TGKTITLEVEPSDTIENVKAKIQDKEGIPPDQQRLIFAGKQLEDGRTLSDYNIQKESTLHLVLRLRGG,96396.3,H551C333O109N95,5.0,1526.00495503207,0.8938,0.8938,0.0046,0.2163,13.0,0.0
a,7649.042166683507,7649.04547714813,1,68,-0.4327944751525404,0,0,MQIFVKTLTGKTITLEVEPSDTIENVKAKIQDKEGIPPDQQRLIFAGKQLEDGRTLSDYNIQKESTLH,130247.8,H555C338S1O108N91,5.0,1530.80378503207,0.9748,0.9748,0.0019,0.1152,13.0,0.0
cx,7695.136082511564,7695.16395248803,7,75,-3.6217521339227017,0,0,TLTGKTITLEVEPSDTIENVKAKIQDKEGIPPDQQRLIFAGKQLEDGRTLSDYNIQKESTLHLVLRLRG,65026.61,H565C339O108N95,5.0,1540.02249303207,0.926,0.926,0.0083,0.2091,14.0,0.0
y-2,7710.139904845658,7710.138466016179,8,76,0.18661525792877218,0,0,LTGKTITLEVEPSDTIENVKAKIQDKEGIPPDQQRLIFAGKQLEDGRTLSDYNIQKESTLHLVLRLRGG,73010.95,H562C338O109N96,5.0,1543.02323303207,0.8656,0.8656,0.003,0.2939,13.0,1.0
x,7738.131573076524,7738.13338063574,8,76,-0.23359111651232342,0,0,LTGKTITLEVEPSDTIENVKAKIQDKEGIPPDQQRLIFAGKQLEDGRTLSDYNIQKESTLHLVLRLRGG,63658.73,H562C339O110N96,5.0,1548.62152103207,0.8684,0.8684,0.0044,0.2621,14.0,0.0
a,7762.12783873076,7762.12954112526,1,69,-0.21932054742857005,0,0,MQIFVKTLTGKTITLEVEPSDTIENVKAKIQDKEGIPPDQQRLIFAGKQLEDGRTLSDYNIQKESTLHL,86720.72,H566C344S1O109N92,5.0,1553.42073503207,0.8316,0.8316,0.0022,0.2702,14.0,1.0
y-1,7812.194976954599,7812.193969516658,7,76,0.12895710789751624,0,0,TLTGKTITLEVEPSDTIENVKAKIQDKEGIPPDQQRLIFAGKQLEDGRTLSDYNIQKESTLHLVLRLRGG,39094.25,H570C342O111N97,5.0,1563.43408103207,-0.175,0.7822,0.0043,0.3407,14.0,0.0
x,7839.1797969761,7839.1810591041485,7,76,-0.1610025382654455,0,0,TLTGKTITLEVEPSDTIENVKAKIQDKEGIPPDQQRLIFAGKQLEDGRTLSDYNIQKESTLHLVLRLRGG,76783.55,H569C343O112N97,5.0,1568.8310010320702,0.8702,0.8702,0.0029,0.2551,14.0,0.0
a,7861.197546498449,7861.19795503825,1,70,-0.05196915326295364,0,0,MQIFVKTLTGKTITLEVEPSDTIENVKAKIQDKEGIPPDQQRLIFAGKQLEDGRTLSDYNIQKESTLHLV,132379.06,H575C349S1O110N93,5.0,1573.23451503207,0.9953,0.9953,0.0006,0.0515,14.0,0.0
y-1,7940.285531344589,7940.288932530659,6,76,-0.4283453787038546,0,0,KTLTGKTITLEVEPSDTIENVKAKIQDKEGIPPDQQRLIFAGKQLEDGRTLSDYNIQKESTLHLVLRLRGG,57380.91,H582C348N99O112,5.0,1589.0519830320702,0.9617,0.9617,0.0039,0.1467,14.0,2.0
a,7974.280738525481,7974.28201901538,1,71,-0.16057745333867846,0,0,MQIFVKTLTGKTITLEVEPSDTIENVKAKIQDKEGIPPDQQRLIFAGKQLEDGRTLSDYNIQKESTLHLVL,116081.93,H586C355S1O111N94,5.0,1595.85096903207,0.7808,0.8505,0.003,0.3313,14.0,0.0
z+1,8024.338216670556,8024.34644740678,5,76,-1.025720446835278,0,0,VKTLTGKTITLEVEPSDTIENVKAKIQDKEGIPPDQQRLIFAGKQLEDGRTLSDYNIQKESTLHLVLRLRGG,29938.54,H590C353O113N99,6.0,1338.3866233654037,0.7723,0.7862,0.0019,0.3558,14.0,0.0
y-1,8039.341008996252,8039.357346443649,5,76,-2.0321832570439513,0,0,VKTLTGKTITLEVEPSDTIENVKAKIQDKEGIPPDQQRLIFAGKQLEDGRTLSDYNIQKESTLHLVLRLRGG,26968.49,H591C353O113N100,6.0,1340.8870683654034,-0.2971,0.7571,0.0023,0.3324,14.0,0.0
y-1,8039.359759149132,8039.357346443649,5,76,0.3001117351881414,0,0,VKTLTGKTITLEVEPSDTIENVKAKIQDKEGIPPDQQRLIFAGKQLEDGRTLSDYNIQKESTLHLVLRLRGG,85023.99,H591C353O113N100,5.0,1608.8666670320702,0.4697,0.907,0.0045,0.1874,14.0,3.0
x+1,8067.353327395489,8067.352261063209,5,76,0.13217871806684928,0,0,VKTLTGKTITLEVEPSDTIENVKAKIQDKEGIPPDQQRLIFAGKQLEDGRTLSDYNIQKESTLHLVLRLRGG,133231.67,H591C354O114N100,5.0,1614.46533503207,0.98,0.98,0.0043,0.0997,14.0,0.0
a,8130.381721299296,8130.383130038979,1,72,-0.17326854841862435,0,0,MQIFVKTLTGKTITLEVEPSDTIENVKAKIQDKEGIPPDQQRLIFAGKQLEDGRTLSDYNIQKESTLHLVLR,144990.96,H598C361S1O112N98,5.0,1627.07091103207,0.973,0.973,0.0012,0.1265,14.0,1.0
z+1,8171.402925766857,8171.41486131977,4,76,-1.4606470379687821,0,0,FVKTLTGKTITLEVEPSDTIENVKAKIQDKEGIPPDQQRLIFAGKQLEDGRTLSDYNIQKESTLHLVLRLRGG,41540.47,H599C362O114N100,5.0,1635.27508503207,0.8854,0.8854,0.0028,0.2294,14.0,2.0
z+1,8171.404455779333,8171.41486131977,4,76,-1.2734074347957114,0,0,FVKTLTGKTITLEVEPSDTIENVKAKIQDKEGIPPDQQRLIFAGKQLEDGRTLSDYNIQKESTLHLVLRLRGG,46324.64,H599C362O114N100,6.0,1362.8974633654034,0.3114,0.678,0.0037,0.3743,14.0,0.0
y-1,8186.42425824372,8186.425760356639,4,76,-0.1834882478958584,0,0,FVKTLTGKTITLEVEPSDTIENVKAKIQDKEGIPPDQQRLIFAGKQLEDGRTLSDYNIQKESTLHLVLRLRGG,42364.76,H600C362O114N101,5.0,1638.27932703207,-0.149,0.9106,0.0025,0.1751,14.0,2.0
x,8213.412668294492,8213.41284994413,4,76,-0.022116219174726896,0,0,FVKTLTGKTITLEVEPSDTIENVKAKIQDKEGIPPDQQRLIFAGKQLEDGRTLSDYNIQKESTLHLVLRLRGG,57844.74,H599C363O115N101,5.0,1643.67696503207,0.9429,0.9429,0.0042,0.1624,14.0,3.0
x+1,8214.410756432431,8214.4206749762,4,76,-1.2074550550656113,0,0,FVKTLTGKTITLEVEPSDTIENVKAKIQDKEGIPPDQQRLIFAGKQLEDGRTLSDYNIQKESTLHLVLRLRGG,54218.27,H600C363O115N101,6.0,1370.065121698737,0.6799,0.855,0.0022,0.2552,14.0,0.0
a,8243.464613323882,8243.46719401611,1,73,-0.31305907658759213,0,0,MQIFVKTLTGKTITLEVEPSDTIENVKAKIQDKEGIPPDQQRLIFAGKQLEDGRTLSDYNIQKESTLHLVLRL,165044.03,H609C367S1O113N99,5.0,1649.68730503207,0.9745,0.9745,0.0009,0.1151,14.0,3.0
x,8326.493320300813,8326.49691392126,3,76,-0.43158851613064386,0,0,IFVKTLTGKTITLEVEPSDTIENVKAKIQDKEGIPPDQQRLIFAGKQLEDGRTLSDYNIQKESTLHLVLRLRGG,33820.44,H610C369O116N102,5.0,1666.29291103207,0.8519,0.8519,0.0013,0.336,14.0,5.0
a,8399.565076093459,8399.568305039711,1,74,-0.38441811949824517,0,0,MQIFVKTLTGKTITLEVEPSDTIENVKAKIQDKEGIPPDQQRLIFAGKQLEDGRTLSDYNIQKESTLHLVLRLR,363978.73,H621C373S1O114N103,6.0,1400.9239233654034,0.9598,0.9598,0.0031,0.1596,14.0,0.0
b,8427.562324369821,8427.56321965927,1,74,-0.10623348958766826,0,0,MQIFVKTLTGKTITLEVEPSDTIENVKAKIQDKEGIPPDQQRLIFAGKQLEDGRTLSDYNIQKESTLHLVLRLR,320687.6,H621C374S1O115N103,6.0,1405.5900933654034,0.9528,0.9528,0.0018,0.1925,14.0,0.0
b,8484.583639294739,8484.58468337984,1,75,-0.12305671295989913,0,0,MQIFVKTLTGKTITLEVEPSDTIENVKAKIQDKEGIPPDQQRLIFAGKQLEDGRTLSDYNIQKESTLHLVLRLRG,3833477.57,H624C376S1O116N104,6.0,1415.0935683654034,0.9984,0.9984,0.0014,0.0402,14.0,0.0
